{"val_loss": [0.9564475900650025, 0.8463507457733155, 0.8406797130584717, 0.7457354144096374, 0.7809469529151917, 0.6995866088867188, 0.7214473441123962, 0.7304632810592652, 0.6499306052207947, 0.6451145914077758, 0.6409824129104614, 0.6120468737602234, 0.6035844095230103, 0.6188273364067077, 0.6132165724754334, 0.6095033408164978, 0.5742081352233886, 0.592045310306549, 0.5779627182960511, 0.6171564502716065, 0.5646476621627807, 0.5373350399494171, 0.5437724248886109, 0.5355848526000977, 0.5432027136325837, 0.5151549764156341, 0.5293181990623474, 0.5047448023796082, 0.5292526936531067, 0.5044791544914246, 0.4992906273841858, 0.49996957302093503, 0.47578104610443117, 0.48422897310256957, 0.4865943341255188, 0.45840935354232787, 0.46928228244781495, 0.47742559065818785, 0.49179535064697266, 0.46895027694702146, 0.42453987193107606, 0.4272322835445404, 0.4276011895179749, 0.4245825283050537, 0.4256246313095093, 0.4267881633758545, 0.42454083466529846, 0.42656766967773435, 0.4312809325218201, 0.4302275679111481, 0.4278491193771362, 0.42916542291641235, 0.4290954731464386, 0.4286949809551239, 0.4276314794540405, 0.9634127302169799], "val_acc": [0.813, 0.8553, 0.8513, 0.8869, 0.8682, 0.8974, 0.8822, 0.8827, 0.9076, 0.9074, 0.9093, 0.9162, 0.9172, 0.9066, 0.9121, 0.9087, 0.9175, 0.9126, 0.9167, 0.8948, 0.9177, 0.922, 0.9218, 0.9216, 0.9177, 0.9263, 0.9195, 0.9251, 0.9141, 0.9253, 0.9247, 0.9235, 0.9287, 0.9265, 0.9224, 0.9334, 0.9297, 0.9246, 0.9191, 0.9266, 0.9413, 0.9393, 0.9404, 0.9411, 0.9412, 0.9415, 0.9411, 0.9418, 0.9411, 0.9393, 0.9411, 0.9406, 0.9399, 0.9407, 0.9415], "loss": [1.2395877276475613, 0.8992508979228523, 0.8091721181752273, 0.7623527497610646, 0.7265613458170603, 0.6994520880078836, 0.6789890247382689, 0.6586573838805336, 0.6400313576487282, 0.6260877644104603, 0.6123661703760136, 0.5977581758539923, 0.5885904089197763, 0.5732977405580717, 0.5643806091640672, 0.5560100376765273, 0.5435211772526222, 0.5360699921671176, 0.526465572723407, 0.5173838419241423, 0.5061925331071887, 0.5011889101476481, 0.49262998106962597, 0.48523757388921807, 0.47665032986521655, 0.46987487699882285, 0.46499833483736763, 0.455940116923611, 0.4494388169110745, 0.4421724406300478, 0.4378427116071904, 0.43054135517281433, 0.424666765298772, 0.4184131352644053, 0.4131880824034511, 0.40749900940584666, 0.4041430750420742, 0.39365689610173393, 0.3935907143344859, 0.38555107208766254, 0.35692813476690877, 0.3451693951605731, 0.3423387740685429, 0.3399714422952294, 0.3376639753755307, 0.334653144275231, 0.3353160669273517, 0.33014253783773956, 0.32797653295342644, 0.3291158086313149, 0.32566179780878574, 0.32317269477597027, 0.3232567449548804, 0.3228226463339789, 0.32262607639578816, 1.2553676369354598], "acc": [0.717063969017094, 0.8307055050456416, 0.8625066808874374, 0.8779897113524294, 0.8894975949009111, 0.8969301175523224, 0.901606761090326, 0.9083043826830572, 0.9122962319933751, 0.9143506146127179, 0.9174572421483723, 0.921315473009086, 0.9221505879527551, 0.925524452196475, 0.927445216429928, 0.9279462853770152, 0.9304015232814562, 0.9310863174772849, 0.9333745323675064, 0.9340092197004836, 0.936364243751793, 0.9355124264780307, 0.9368987172316383, 0.9380845804701254, 0.9406901389949784, 0.9407235435914509, 0.9400053447672927, 0.9418927044042733, 0.9433625066809193, 0.9436965526137869, 0.9438969802244789, 0.9451496526240538, 0.9463355157351124, 0.9473710582894733, 0.9473376536930008, 0.9482228754676644, 0.9475380812081216, 0.9510956707324401, 0.9492083110954594, 0.9508284339606603, 0.961738782051282, 0.9661945483379986, 0.966578701197432, 0.9676810528810237, 0.967697755211117, 0.9698022448207401, 0.9680986103369297, 0.9701195884872286, 0.9712219401389631, 0.9711551309460181, 0.9721387553418803, 0.9728086584714056, 0.9730090860820976, 0.9728587653979714, 0.9725080170712963], "val_accuracy": [0.8095999956130981], "accuracy": [0.7120857834815979]}